Employee No,First Name,Last Name,Email
1,Aniket ,Saha,Aniket .Saha@gmail.com
2,Shuvam ,Trivedi,Shuvam .Trivedi@gmail.com
3,Ankan,Maity,Ankan.Maity@gmail.com
4,Debojyoti,Sanyal,Debojyoti.Sanyal@gmail.com
5,Nirmalya,Thakurta,Nirmalya.Thakurta@gmail.com
6,Prabhakar,Adak,Prabhakar.Adak@gmail.com
7,Anirban,Ghosh,Anirban.Ghosh@gmail.com
8,Rudra,Majumdar,Rudra.Majumdar@gmail.com
9,Sagnik,Moitra,Sagnik.Moitra@gmail.com
10,Susovan,Patra,Susovan.Patra@gmail.com